Workbook

Sheet Dados
A1: Estudante | B1: Perfil | C1: Tipo de Aplicação
A2: Gabriela | B2: Conservador | C2: Poupança
A3: Luiz Felipe | B3: Conservador | C3: Poupança
A4: Patrícia | B4: Conservador | C4: Poupança
A5: Gustavo | B5: Conservador | C5: Poupança
A6: Letícia | B6: Conservador | C6: Poupança
A7: Ovídio | B7: Conservador | C7: Poupança
A8: Leonor | B8: Conservador | C8: Poupança
A9: Dalila | B9: Conservador | C9: Poupança
A10: Antônio | B10: Conservador | C10: CDB
A11: Júlia | B11: Conservador | C11: CDB
A12: Roberto | B12: Conservador | C12: CDB
... A101: Estela | B101: Agressivo | C101: Ações

Sheet Anacor
A1: Frequências absolutas observadas | I1: Fávero, Luiz Paulo; Belfiore, Patrícia. (2024). Manual de análise de dados: estatística e machine learning com Excel®, SPSS®, Stata®, R® e Python®. 2 ed. Rio de Janeiro: LTC.
C3: Tipo de Aplicação
C4: Ações | D4: CDB | E4: Poupança | F4: Total
A5: Perfil | B5: Agressivo | C5: =+COUNTIFS(Dados!$B:$B,Anacor!$B5,Dados!$C:$C,Anacor!C$4) -> 36 | D5: =+COUNTIFS(Dados!$B:$B,Anacor!$B5,Dados!$C:$C,Anacor!D$4) -> 20 | E5: =+COUNTIFS(Dados!$B:$B,Anacor!$B5,Dados!$C:$C,Anacor!E$4) -> 2 | F5: =+SUM(C5:E5) -> 58
B6: Conservador | C6: =+COUNTIFS(Dados!$B:$B,Anacor!$B6,Dados!$C:$C,Anacor!C$4) -> 5 | D6: =+COUNTIFS(Dados!$B:$B,Anacor!$B6,Dados!$C:$C,Anacor!D$4) -> 4 | E6: =+COUNTIFS(Dados!$B:$B,Anacor!$B6,Dados!$C:$C,Anacor!E$4) -> 8 | F6: =+SUM(C6:E6) -> 17
B7: Moderado | C7: =+COUNTIFS(Dados!$B:$B,Anacor!$B7,Dados!$C:$C,Anacor!C$4) -> 4 | D7: =+COUNTIFS(Dados!$B:$B,Anacor!$B7,Dados!$C:$C,Anacor!D$4) -> 16 | E7: =+COUNTIFS(Dados!$B:$B,Anacor!$B7,Dados!$C:$C,Anacor!E$4) -> 5 | F7: =+SUM(C7:E7) -> 25
B8: Total | C8: =+SUM(C5:C7) -> 45 | D8: =+SUM(D5:D7) -> 40 | E8: =+SUM(E5:E7) -> 15 | F8: =+SUM(F5:F7) -> 100
A11: Frequências absolutas esperadas
C13: Tipo de Aplicação
C14: Ações | D14: CDB | E14: Poupança
A15: Perfil | B15: Agressivo | C15: =($F5*C$8)/$F$8 -> 26.1 | D15: =($F5*D$8)/$F$8 -> 23.2 | E15: =($F5*E$8)/$F$8 -> 8.7
B16: Conservador | C16: =($F6*C$8)/$F$8 -> 7.65 | D16: =($F6*D$8)/$F$8 -> 6.8 | E16: =($F6*E$8)/$F$8 -> 2.55
B17: Moderado | C17: =($F7*C$8)/$F$8 -> 11.25 | D17: =($F7*D$8)/$F$8 -> 10 | E17: =($F7*E$8)/$F$8 -> 3.75
A20: Resíduos
C22: Tipo de Aplicação
C23: Ações | D23: CDB | E23: Poupança
A24: Perfil | B24: Agressivo | C24: =+C5-C15 -> 9.9 | D24: =+D5-D15 -> -3.2 | E24: =+E5-E15 -> -6.7
B25: Conservador | C25: =+C6-C16 -> -2.65 | D25: =+D6-D16 -> -2.8 | E25: =+E6-E16 -> 5.45
B26: Moderado | C26: =+C7-C17 -> -7.25 | D26: =+D7-D17 -> 6 | E26: =+E7-E17 -> 1.25
A29: Valores χ²
C31: Tipo de Aplicação
C32: Ações | D32: CDB | E32: Poupança
A33: Perfil | B33: Agressivo | C33: =(C24^2)/C15 -> 3.7551724 | D33: =(D24^2)/D15 -> 0.44137931 | E33: =(E24^2)/E15 -> 5.1597701
B34: Conservador | C34: =(C25^2)/C16 -> 0.91797386 | D34: =(D25^2)/D16 -> 1.1529412 | E34: =(E25^2)/E16 -> 11.648039
B35: Moderado | C35: =(C26^2)/C17 -> 4.6722222 | D35: =(D26^2)/D17 -> 3.6 | E35: =(E26^2)/E17 -> 0.41666667
B37: χ² Total | C37: =+SUM(C33:E35) -> 31.764165
B38: p-valor | C38: =CHIDIST(C37,4) -> 2.1375941e-06
B39: nota: no exemplo, são 4 graus de liberdade (I-1)x(J-1).
A42: Resíduos padronizados
C44: Tipo de Aplicação
C45: Ações | D45: CDB | E45: Poupança
A46: Perfil | B46: Agressivo | C46: =+C24/SQRT(C15) -> 1.9378267 | D46: =+D24/SQRT(D15) -> -0.66436384 | E46: =+E24/SQRT(E15) -> -2.2715127
B47: Conservador | C47: =+C25/SQRT(C16) -> -0.95810952 | D47: =+D25/SQRT(D16) -> -1.073751 | E47: =+E25/SQRT(E16) -> 3.4129224
B48: Moderado | C48: =+C26/SQRT(C17) -> -2.1615324 | D48: =+D26/SQRT(D17) -> 1.8973666 | E48: =+E26/SQRT(E17) -> 0.64549722
A51: Resíduos padronizados ajustados
C53: Tipo de Aplicação
C54: Ações | D54: CDB | E54: Poupança
A55: Perfil | B55: Agressivo | C55: =+C46/SQRT((1-(C$8/$F$8))*(1-($F5/$F$8))) -> 4.0318926 | D55: =+D46/SQRT((1-(D$8/$F$8))*(1-($F5/$F$8))) -> -1.3234444 | E55: =+E46/SQRT((1-(E$8/$F$8))*(1-($F5/$F$8))) -> -3.8017282
B56: Conservador | C56: =+C47/SQRT((1-(C$8/$F$8))*(1-($F6/$F$8))) -> -1.4180605 | D56: =+D47/SQRT((1-(D$8/$F$8))*(1-($F6/$F$8))) -> -1.5215594 | E56: =+E47/SQRT((1-(E$8/$F$8))*(1-($F6/$F$8))) -> 4.0632908
B57: Moderado | C57: =+C48/SQRT((1-(C$8/$F$8))*(1-($F7/$F$8))) -> -3.3655013 | D57: =+D48/SQRT((1-(D$8/$F$8))*(1-($F7/$F$8))) -> 2.8284271 | E57: =+E48/SQRT((1-(E$8/$F$8))*(1-($F7/$F$8))) -> 0.80845208
A60: Autovalores
A62: Matriz A = resíduos padronizados / raiz(n) | C62: =+C46/SQRT($F$8) -> 0.19378267 | D62: =+D46/SQRT($F$8) -> -0.066436384 | E62: =+E46/SQRT($F$8) -> -0.22715127
C63: =+C47/SQRT($F$8) -> -0.095810952 | D63: =+D47/SQRT($F$8) -> -0.1073751 | E63: =+E47/SQRT($F$8) -> 0.34129224
C64: =+C48/SQRT($F$8) -> -0.21615324 | D64: =+D48/SQRT($F$8) -> 0.18973666 | E64: =+E48/SQRT($F$8) -> 0.064549722
A66: Matriz A' (Transposta) | C66: {=TRANSPOSE(C62:E64)} -> 0.19378267 | D66: -0.095810952 | E66: -0.21615324
C67: -0.066436384 | D67: -0.1073751 | E67: 0.18973666
C68: -0.22715127 | D68: 0.34129224 | E68: 0.064549722
A70: Matriz W = A' . A | C70: {=MMULT(C66:E68,C62:E64)} -> 0.093453685 | D70: -0.043598703 | E70: -0.090670147
C71: -0.043598703 | D71: 0.051943205 | E71: -0.0093077298
C72: -0.090670147 | D72: -0.0093077298 | E72: 0.17224476
A74: λ . I | C74: λ | D74: 0 | E74: 0
C75: 0 | D75: λ | E75: 0
C76: 0 | D76: 0 | E76: λ
A78: (W - λ . I) | C78: 0,093 - λ | D78: =D70-D74 -> -0.043598703 | E78: =E70-E74 -> -0.090670147
C79: =C71-C75 -> -0.043598703 | D79: 0,052 - λ | E79: =E71-E75 -> -0.0093077298
C80: =C72-C76 -> -0.090670147 | D80: =D72-D76 -> -0.0093077298 | E80: 0,172 - λ
A82: det(W - λ . I) = 0 | C82: λ 1 | D82: 0.233215
C83: λ 2 | D83: 0.0844268
A84: Nota: solução obtida no Python.
A86: Dimensão | C86: Autovalor (λ) | D86: % Inércia | E86: Valor Singular (σ)
A87: 1 | C87: =+D82 -> 0.233215 | D87: =+C87/$C$89 -> 0.73420753 | E87: =SQRT(C87) -> 0.48292339
A88: 2 | C88: =+D83 -> 0.0844268 | D88: =+C88/$C$89 -> 0.26579247 | E88: =SQRT(C88) -> 0.2905629
A89: Total | C89: =+SUM(C87:C88) -> 0.3176418 | D89: =+SUM(D87:D88) -> 1
A92: Massas - linhas e colunas
C94: MASSAS
A95: Variável linha | B95: Agressivo | C95: =+F5/F$8 -> 0.58
B96: Conservador | C96: =+F6/F$8 -> 0.17
B97: Moderado | C97: =+F7/F$8 -> 0.25
C99: Ações | D99: CDB | E99: Poupança
A100: Variável coluna | B100: MASSAS | C100: =+C8/$F8 -> 0.45 | D100: =+D8/$F8 -> 0.4 | E100: =+E8/$F8 -> 0.15
A104: Dl | C104: =+C95 -> 0.58 | D104: 0 | E104: 0
C105: 0 | D105: =+C96 -> 0.17 | E105: 0
C106: 0 | D106: 0 | E106: =+C97 -> 0.25
A108: DC | C108: =+C100 -> 0.45 | D108: 0 | E108: 0
C109: 0 | D109: =+D100 -> 0.4 | E109: 0
C110: 0 | D110: 0 | E110: =+E100 -> 0.15
A113: Autovetores
A115: Dimensão 1 (λ 1) | C115: =C70-$D$82 -> -0.13976132 | D115: =+D78 -> -0.043598703 | E115: =+E78 -> -0.090670147 | F115: --> | G115: -0,140 x v1 - 0,044 x v2 - 0,091 x v3 = 0
C116: =+C79 -> -0.043598703 | D116: =D71-$D$82 -> -0.1812718 | E116: =+E79 -> -0.0093077298 | F116: --> | G116: -0,044 x v1 - 0,181 x v2 - 0,009 x v3 = 0
C117: =+C80 -> -0.090670147 | D117: =+D80 -> -0.0093077298 | E117: =E72-$D$82 -> -0.06097024 | F117: --> | G117: -0,091 x v1 - 0,009 x v2 - 0,061 x v3 = 0
B119: v1 | C119: -0.56215025
C120: 0.09300977
C121: 0.82178847 | D121: Nota: Solução obtida no Python.
B123: u1 | C123: -0.62491193
C124: 0.67162481
C125: 0.39800149
A127: Dimensão 2 (λ 2) | C127: =C70-$D$83 -> 0.0090268849 | D127: =+D78 -> -0.043598703 | E127: =+E78 -> -0.090670147 | F127: --> | G127: 0,009 x v1 - 0,044 x v2 - 0,091 x v3 = 0
C128: =+C79 -> -0.043598703 | D128: =D71-$D$83 -> -0.032483595 | E128: =+E79 -> -0.0093077298 | F128: --> | G128: -0,044 x v1 - 0,032 x v2 - 0,009 x v3 = 0
C129: =+C80 -> -0.090670147 | D129: =+D80 -> -0.0093077298 | E129: =E72-$D$83 -> 0.08781796 | F129: --> | G129: -0,091 x v1 - 0,009 x v2 + 0,088 x v3 = 0
B131: v2 | C131: -0.48372213
C132: 0.76899232
C133: -0.41792789 | D133: Nota: Solução obtida no Python.
B135: u2 | C135: -0.17171219
C136: -0.61556487
C137: 0.76915201
A140: Coordenadas (scores)
A142: Variável em linha | H142: Variável em coluna
A144: σ1 . (1/√Dl) | C144: =($E$87)*1/SQRT(C104) -> 0.63410948 | D144: 0 | E144: 0 | H144: σ1 . (1/√Dc) | J144: =($E$87)*1/SQRT(C108) -> 0.71989968 | K144: 0 | L144: 0
C145: 0 | D145: =($E$87)*1/SQRT(D105) -> 1.1712613 | E145: 0 | J145: 0 | K145: =($E$87)*1/SQRT(D109) -> 0.76356892 | L145: 0
C146: 0 | D146: 0 | E146: =($E$87)*1/SQRT(E106) -> 0.96584678 | J146: 0 | K146: 0 | L146: =($E$87)*1/SQRT(E110) -> 1.2469028
...
